{
  "suites": {
    "SessionImpl": {
      "tests": {
        "new": 2530299.098516498,
        "save x 1000": 30.68693857044806,
        "find": 5536.08094639708,
        "edit x 1000": 17.123509462707528
      }
    }
  },
  "timestamp": 1425339717789
}