{
  "suites": {
    "SessionImpl": {
      "tests": {
        "save x 1000": 28.48484892151658,
        "find": 5211.6598670490675,
        "edit x 1000": 8.218049768102206
      }
    }
  },
  "timestamp": 1452779686905
}