{
  "suites": {
    "SessionImpl": {
      "tests": {
        "new": 2581117.276226608,
        "save x 1000": 17.666954135544593,
        "find": 5148.611405894682,
        "edit x 1000": 10.31883226875978
      }
    }
  },
  "timestamp": 1425215893220
}